-- phpMyAdmin SQL Dump
-- version 5.2.1deb1
-- https://www.phpmyadmin.net/
--
-- Hôte : localhost
-- Généré le : lun. 03 juin 2024 à 15:32
-- Version du serveur : 10.11.6-MariaDB-0+deb12u1
-- Version de PHP : 8.2.18

SET SQL_MODE = "NO_AUTO_VALUE_ON_ZERO";
START TRANSACTION;
SET time_zone = "+00:00";


/*!40101 SET @OLD_CHARACTER_SET_CLIENT=@@CHARACTER_SET_CLIENT */;
/*!40101 SET @OLD_CHARACTER_SET_RESULTS=@@CHARACTER_SET_RESULTS */;
/*!40101 SET @OLD_COLLATION_CONNECTION=@@COLLATION_CONNECTION */;
/*!40101 SET NAMES utf8mb4 */;

--
-- Base de données : `piscine`
--
CREATE DATABASE IF NOT EXISTS `piscine` DEFAULT CHARACTER SET utf8mb4 COLLATE utf8mb4_general_ci;
USE `piscine`;

-- --------------------------------------------------------

--
-- Structure de la table `Alerts`
--

CREATE TABLE `Alerts` (
  `ID` int(11) NOT NULL,
  `Message_ID` int(11) NOT NULL,
  `Limite_ID` int(11) DEFAULT NULL
) ENGINE=InnoDB DEFAULT CHARSET=utf8mb4 COLLATE=utf8mb4_general_ci;

--
-- Déchargement des données de la table `Alerts`
--

INSERT INTO `Alerts` (`ID`, `Message_ID`, `Limite_ID`) VALUES
(1, 1, 1),
(2, 1, 2),
(12, 1, 4);

-- --------------------------------------------------------

--
-- Structure de la table `Change_history`
--

CREATE TABLE `Change_history` (
  `Date` timestamp NULL DEFAULT current_timestamp(),
  `Value` float DEFAULT NULL,
  `User_ID` int(11) DEFAULT NULL,
  `Limite_ID` int(11) DEFAULT NULL
) ENGINE=InnoDB DEFAULT CHARSET=utf8mb4 COLLATE=utf8mb4_general_ci;

--
-- Déchargement des données de la table `Change_history`
--

INSERT INTO `Change_history` (`Date`, `Value`, `User_ID`, `Limite_ID`) VALUES
('2024-05-23 21:57:49', 1.8, 1, 1);

-- --------------------------------------------------------

--
-- Structure de la table `Data`
--

CREATE TABLE `Data` (
  `ID` int(11) NOT NULL,
  `Name` varchar(16) NOT NULL
) ENGINE=InnoDB DEFAULT CHARSET=utf8mb4 COLLATE=utf8mb4_general_ci;

--
-- Déchargement des données de la table `Data`
--

INSERT INTO `Data` (`ID`, `Name`) VALUES
(1, 'TEMP'),
(2, 'ORP'),
(3, 'TURB'),
(4, 'PH');

-- --------------------------------------------------------

--
-- Structure de la table `limite`
--

CREATE TABLE `limite` (
  `ID` int(11) NOT NULL,
  `Data_ID` int(11) NOT NULL,
  `Name` varchar(16) NOT NULL,
  `Value` float NOT NULL
) ENGINE=InnoDB DEFAULT CHARSET=utf8mb4 COLLATE=utf8mb4_general_ci;

--
-- Déchargement des données de la table `limite`
--

INSERT INTO `limite` (`ID`, `Data_ID`, `Name`, `Value`) VALUES
(1, 1, 'maximum', 19),
(2, 2, 'minimum', 799),
(4, 3, 'minimum', 4000);

-- --------------------------------------------------------

--
-- Structure de la table `Measure_history`
--

CREATE TABLE `Measure_history` (
  `ID` int(11) NOT NULL,
  `Data_id` int(11) DEFAULT NULL,
  `Date` timestamp NULL DEFAULT current_timestamp(),
  `Value` float DEFAULT NULL
) ENGINE=InnoDB DEFAULT CHARSET=utf8mb4 COLLATE=utf8mb4_general_ci;

--
-- Déchargement des données de la table `Measure_history`
--

INSERT INTO `Measure_history` (`ID`, `Data_id`, `Date`, `Value`) VALUES
(4, 1, '2024-05-22 01:54:20', 23.9),
(5, 2, '2024-05-22 01:54:20', 36),
(6, 3, '2024-05-22 01:54:20', 2190),
(7, 4, '2024-05-22 01:54:20', 7.59),
(8, 1, '2024-05-22 01:55:36', 15),
(9, 2, '2024-05-22 01:55:37', 4097),
(10, 3, '2024-05-22 01:55:37', 13004),
(11, 4, '2024-05-22 01:55:37', 15),
(12, 2, '2024-05-22 02:45:45', 12737),
(13, 3, '2024-05-22 02:45:45', 4095),
(14, 4, '2024-05-22 02:45:45', -2.18),
(15, 2, '2024-05-22 02:45:55', 767),
(16, 3, '2024-05-22 02:45:55', 4095),
(17, 4, '2024-05-22 02:45:55', 9.48),
(18, 2, '2024-05-22 02:46:05', 752),
(19, 3, '2024-05-22 02:46:05', 4095),
(20, 4, '2024-05-22 02:46:05', 9.48),
(21, 2, '2024-05-22 02:46:15', 763),
(22, 3, '2024-05-22 02:46:15', 4095),
(23, 4, '2024-05-22 02:46:15', 9.48),
(24, 2, '2024-05-22 02:46:25', 755),
(25, 3, '2024-05-22 02:46:25', 4095),
(26, 4, '2024-05-22 02:46:25', 9.47),
(27, 2, '2024-05-22 02:46:35', 768),
(28, 3, '2024-05-22 02:46:35', 4095),
(29, 4, '2024-05-22 02:46:35', 9.46),
(30, 2, '2024-05-22 02:46:45', 772),
(31, 3, '2024-05-22 02:46:45', 4095),
(32, 4, '2024-05-22 02:46:45', 9.45),
(33, 2, '2024-05-22 02:46:55', 779),
(34, 3, '2024-05-22 02:46:55', 4095),
(35, 4, '2024-05-22 02:46:55', 9.44),
(36, 2, '2024-05-22 02:47:05', 770),
(37, 3, '2024-05-22 02:47:05', 4095),
(38, 4, '2024-05-22 02:47:05', 9.46),
(39, 1, '2024-05-22 02:47:20', 19.69),
(40, 2, '2024-05-22 02:47:20', 12737),
(41, 3, '2024-05-22 02:47:20', 4095),
(42, 4, '2024-05-22 02:47:20', -2.18),
(43, 1, '2024-05-22 02:47:30', 19.69),
(44, 2, '2024-05-22 02:47:30', 763),
(45, 3, '2024-05-22 02:47:30', 4095),
(46, 4, '2024-05-22 02:47:30', 9.46),
(47, 1, '2024-05-22 02:47:40', 19.69),
(48, 2, '2024-05-22 02:47:40', 740),
(49, 3, '2024-05-22 02:47:40', 4095),
(50, 4, '2024-05-22 02:47:40', 9.47),
(51, 1, '2024-05-22 02:47:50', 19.69),
(52, 2, '2024-05-22 02:47:50', 748),
(53, 3, '2024-05-22 02:47:50', 4095),
(54, 4, '2024-05-22 02:47:50', 9.47),
(55, 1, '2024-05-22 02:48:00', 19.69),
(56, 2, '2024-05-22 02:48:00', 752),
(57, 3, '2024-05-22 02:48:00', 4095),
(58, 4, '2024-05-22 02:48:00', 9.46),
(59, 1, '2024-05-22 02:48:10', 19.69),
(60, 2, '2024-05-22 02:48:10', 757),
(61, 3, '2024-05-22 02:48:10', 4095),
(62, 4, '2024-05-22 02:48:10', 9.45),
(63, 1, '2024-05-22 02:48:20', 19.69),
(64, 2, '2024-05-22 02:48:20', 761),
(65, 3, '2024-05-22 02:48:20', 4095),
(66, 4, '2024-05-22 02:48:20', 9.45),
(67, 1, '2024-05-22 02:48:30', 19.69),
(68, 2, '2024-05-22 02:48:30', 856),
(69, 3, '2024-05-22 02:48:30', 4095),
(70, 4, '2024-05-22 02:48:30', 9.34),
(71, 1, '2024-05-22 02:48:40', 19.69),
(72, 2, '2024-05-22 02:48:40', 857),
(73, 3, '2024-05-22 02:48:40', 4095),
(74, 4, '2024-05-22 02:48:40', 9.32),
(75, 1, '2024-05-22 02:48:50', 19.69),
(76, 2, '2024-05-22 02:48:50', 823),
(77, 3, '2024-05-22 02:48:50', 4095),
(78, 4, '2024-05-22 02:48:50', 9.35),
(79, 1, '2024-05-22 02:49:00', 19.69),
(80, 2, '2024-05-22 02:49:00', 808),
(81, 3, '2024-05-22 02:49:00', 4095),
(82, 4, '2024-05-22 02:49:00', 9.39),
(83, 1, '2024-05-22 02:49:10', 19.69),
(84, 2, '2024-05-22 02:49:10', 769),
(85, 3, '2024-05-22 02:49:10', 4095),
(86, 4, '2024-05-22 02:49:10', 9.45),
(87, 1, '2024-05-22 02:49:20', 19.69),
(88, 2, '2024-05-22 02:49:20', 749),
(89, 3, '2024-05-22 02:49:20', 4095),
(90, 4, '2024-05-22 02:49:20', 9.45),
(91, 1, '2024-05-22 02:49:30', 19.69),
(92, 2, '2024-05-22 02:49:30', 756),
(93, 3, '2024-05-22 02:49:30', 4095),
(94, 4, '2024-05-22 02:49:30', 9.45),
(95, 1, '2024-05-22 02:49:40', 19.69),
(96, 2, '2024-05-22 02:49:40', 743),
(97, 3, '2024-05-22 02:49:40', 4095),
(98, 4, '2024-05-22 02:49:40', 9.47),
(99, 1, '2024-05-22 02:49:50', 19.69),
(100, 2, '2024-05-22 02:49:50', 722),
(101, 3, '2024-05-22 02:49:50', 4095),
(102, 4, '2024-05-22 02:49:50', 9.49),
(103, 1, '2024-05-22 02:50:00', 19.69),
(104, 2, '2024-05-22 02:50:00', 714),
(105, 3, '2024-05-22 02:50:00', 4095),
(106, 4, '2024-05-22 02:50:00', 9.52),
(107, 1, '2024-05-22 02:50:10', 19.69),
(108, 2, '2024-05-22 02:50:10', 710),
(109, 3, '2024-05-22 02:50:10', 4095),
(110, 4, '2024-05-22 02:50:10', 9.52),
(111, 1, '2024-05-22 02:50:20', 19.69),
(112, 2, '2024-05-22 02:50:20', 748),
(113, 3, '2024-05-22 02:50:20', 4095),
(114, 4, '2024-05-22 02:50:20', 9.45),
(115, 1, '2024-05-22 02:50:30', 19.69),
(116, 2, '2024-05-22 02:50:30', 827),
(117, 3, '2024-05-22 02:50:30', 4095),
(118, 4, '2024-05-22 02:50:30', 9.35),
(119, 1, '2024-05-22 02:50:40', 19.69),
(120, 2, '2024-05-22 02:50:40', 840),
(121, 3, '2024-05-22 02:50:40', 4095),
(122, 4, '2024-05-22 02:50:40', 9.34),
(123, 1, '2024-05-22 02:50:50', 19.69),
(124, 2, '2024-05-22 02:50:50', 834),
(125, 3, '2024-05-22 02:50:50', 4095),
(126, 4, '2024-05-22 02:50:50', 9.35),
(127, 1, '2024-05-22 02:51:00', 19.69),
(128, 2, '2024-05-22 02:51:00', 819),
(129, 3, '2024-05-22 02:51:00', 4095),
(130, 4, '2024-05-22 02:51:00', 9.34),
(131, 1, '2024-05-22 02:51:10', 19.69),
(132, 2, '2024-05-22 02:51:10', 838),
(133, 3, '2024-05-22 02:51:10', 4095),
(134, 4, '2024-05-22 02:51:10', 9.33),
(135, 1, '2024-05-22 02:51:20', 19.69),
(136, 2, '2024-05-22 02:51:20', 830),
(137, 3, '2024-05-22 02:51:20', 4095),
(138, 4, '2024-05-22 02:51:20', 9.33),
(139, 1, '2024-05-22 02:51:30', 19.69),
(140, 2, '2024-05-22 02:51:30', 844),
(141, 3, '2024-05-22 02:51:30', 4095),
(142, 4, '2024-05-22 02:51:30', 9.32),
(143, 1, '2024-05-22 02:51:40', 19.69),
(144, 2, '2024-05-22 02:51:40', 867),
(145, 3, '2024-05-22 02:51:40', 4095),
(146, 4, '2024-05-22 02:51:40', 9.32),
(147, 1, '2024-05-22 02:51:50', 19.69),
(148, 2, '2024-05-22 02:51:50', 843),
(149, 3, '2024-05-22 02:51:50', 4095),
(150, 4, '2024-05-22 02:51:50', 9.32),
(151, 1, '2024-05-22 02:52:00', 19.69),
(152, 2, '2024-05-22 02:52:00', 845),
(153, 3, '2024-05-22 02:52:00', 4095),
(154, 4, '2024-05-22 02:52:00', 9.32),
(155, 1, '2024-05-22 02:52:10', 19.69),
(156, 2, '2024-05-22 02:52:10', 846),
(157, 3, '2024-05-22 02:52:10', 4095),
(158, 4, '2024-05-22 02:52:10', 9.31),
(159, 1, '2024-05-22 02:52:20', 19.69),
(160, 2, '2024-05-22 02:52:20', 858),
(161, 3, '2024-05-22 02:52:20', 4095),
(162, 4, '2024-05-22 02:52:20', 9.31),
(163, 1, '2024-05-22 02:52:30', 19.69),
(164, 2, '2024-05-22 02:52:30', 851),
(165, 3, '2024-05-22 02:52:30', 4095),
(166, 4, '2024-05-22 02:52:30', 9.32),
(167, 1, '2024-05-22 02:52:40', 19.69),
(168, 2, '2024-05-22 02:52:40', 821),
(169, 3, '2024-05-22 02:52:40', 4095),
(170, 4, '2024-05-22 02:52:40', 9.35),
(171, 1, '2024-05-22 02:52:50', 19.69),
(172, 2, '2024-05-22 02:52:50', 836),
(173, 3, '2024-05-22 02:52:50', 4095),
(174, 4, '2024-05-22 02:52:50', 9.34),
(175, 1, '2024-05-22 02:53:00', 19.69),
(176, 2, '2024-05-22 02:53:00', 842),
(177, 3, '2024-05-22 02:53:00', 4095),
(178, 4, '2024-05-22 02:53:00', 9.33),
(179, 1, '2024-05-22 02:53:10', 19.69),
(180, 2, '2024-05-22 02:53:10', 845),
(181, 3, '2024-05-22 02:53:10', 4095),
(182, 4, '2024-05-22 02:53:10', 9.33),
(183, 1, '2024-05-22 02:53:20', 19.69),
(184, 2, '2024-05-22 02:53:20', 843),
(185, 3, '2024-05-22 02:53:20', 4095),
(186, 4, '2024-05-22 02:53:20', 9.33),
(187, 1, '2024-05-22 02:53:30', 19.69),
(188, 2, '2024-05-22 02:53:30', 856),
(189, 3, '2024-05-22 02:53:30', 4095),
(190, 4, '2024-05-22 02:53:30', 9.33),
(191, 1, '2024-05-22 02:53:40', 19.69),
(192, 2, '2024-05-22 02:53:40', 837),
(193, 3, '2024-05-22 02:53:40', 4095),
(194, 4, '2024-05-22 02:53:40', 9.33),
(195, 1, '2024-05-22 02:53:50', 19.69),
(196, 2, '2024-05-22 02:53:50', 846),
(197, 3, '2024-05-22 02:53:50', 4095),
(198, 4, '2024-05-22 02:53:50', 9.32),
(199, 1, '2024-05-22 02:54:00', 19.69),
(200, 2, '2024-05-22 02:54:00', 854),
(201, 3, '2024-05-22 02:54:00', 4095),
(202, 4, '2024-05-22 02:54:00', 9.31),
(203, 1, '2024-05-22 02:54:10', 19.69),
(204, 2, '2024-05-22 02:54:10', 857),
(205, 3, '2024-05-22 02:54:10', 4095),
(206, 4, '2024-05-22 02:54:10', 9.31),
(207, 1, '2024-05-22 02:54:20', 19.69),
(208, 2, '2024-05-22 02:54:20', 848),
(209, 3, '2024-05-22 02:54:20', 4095),
(210, 4, '2024-05-22 02:54:20', 9.32),
(211, 1, '2024-05-22 02:54:30', 19.69),
(212, 2, '2024-05-22 02:54:30', 850),
(213, 3, '2024-05-22 02:54:30', 4095),
(214, 4, '2024-05-22 02:54:30', 9.32),
(215, 1, '2024-05-22 02:54:40', 19.69),
(216, 2, '2024-05-22 02:54:40', 866),
(217, 3, '2024-05-22 02:54:40', 4095),
(218, 4, '2024-05-22 02:54:40', 9.31),
(219, 1, '2024-05-22 02:54:50', 19.69),
(220, 2, '2024-05-22 02:54:50', 852),
(221, 3, '2024-05-22 02:54:50', 4095),
(222, 4, '2024-05-22 02:54:50', 9.33),
(223, 1, '2024-05-22 02:55:00', 19.69),
(224, 2, '2024-05-22 02:55:00', 849),
(225, 3, '2024-05-22 02:55:00', 4095),
(226, 4, '2024-05-22 02:55:00', 9.33),
(227, 1, '2024-05-22 02:55:10', 19.69),
(228, 2, '2024-05-22 02:55:10', 854),
(229, 3, '2024-05-22 02:55:10', 4095),
(230, 4, '2024-05-22 02:55:10', 9.33),
(231, 1, '2024-05-22 02:55:20', 19.69),
(232, 2, '2024-05-22 02:55:20', 845),
(233, 3, '2024-05-22 02:55:20', 4095),
(234, 4, '2024-05-22 02:55:20', 9.33),
(235, 1, '2024-05-22 02:55:30', 19.69),
(236, 2, '2024-05-22 02:55:30', 861),
(237, 3, '2024-05-22 02:55:30', 4095),
(238, 4, '2024-05-22 02:55:30', 9.32),
(239, 1, '2024-05-22 02:55:47', 19.69),
(240, 2, '2024-05-22 02:55:47', 12737),
(241, 3, '2024-05-22 02:55:47', 4095),
(242, 4, '2024-05-22 02:55:47', -2.18),
(243, 1, '2024-05-22 03:00:54', 19.69),
(244, 2, '2024-05-22 03:00:54', 12737),
(245, 3, '2024-05-22 03:00:54', 4095),
(246, 4, '2024-05-22 03:00:54', -2.18),
(247, 1, '2024-05-22 04:25:33', 19.81),
(248, 2, '2024-05-22 04:25:33', 12737),
(249, 3, '2024-05-22 04:25:33', 4095),
(250, 4, '2024-05-22 04:25:33', -2.18),
(251, 1, '2024-05-22 04:26:51', 19.81),
(252, 2, '2024-05-22 04:26:51', 12737),
(253, 3, '2024-05-22 04:26:51', 4095),
(254, 4, '2024-05-22 04:26:51', -2.18),
(255, 1, '2024-05-22 04:32:41', 19.81),
(256, 2, '2024-05-22 04:32:41', 12737),
(257, 3, '2024-05-22 04:32:41', 4095),
(258, 4, '2024-05-22 04:32:41', -2.18),
(259, 1, '2024-05-22 04:47:41', 19.88),
(260, 2, '2024-05-22 04:47:41', 1459),
(261, 3, '2024-05-22 04:47:41', 4095),
(262, 4, '2024-05-22 04:47:41', 9.3),
(263, 1, '2024-05-23 20:56:58', 18.75),
(264, 2, '2024-05-23 20:56:58', 69),
(265, 3, '2024-05-23 20:56:58', 4095),
(266, 4, '2024-05-23 20:56:58', 9.69),
(267, 1, '2024-05-23 21:11:58', 18.75),
(268, 2, '2024-05-23 21:11:58', 269),
(269, 3, '2024-05-23 21:11:58', 4095),
(270, 4, '2024-05-23 21:11:58', 9.82),
(271, 1, '2024-05-23 22:11:58', 18.88),
(272, 2, '2024-05-23 22:11:58', 886),
(273, 3, '2024-05-23 22:11:58', 4095),
(274, 4, '2024-05-23 22:11:58', 9.85),
(275, 1, '2024-05-23 22:26:58', 18.88),
(276, 2, '2024-05-23 22:26:59', 601),
(277, 3, '2024-05-23 22:26:59', 4095),
(278, 4, '2024-05-23 22:26:59', 9.87),
(279, 1, '2024-05-23 22:56:59', 19),
(280, 2, '2024-05-23 22:56:59', 483),
(281, 3, '2024-05-23 22:56:59', 4095),
(282, 4, '2024-05-23 22:56:59', 9.87),
(283, 1, '2024-05-23 23:11:59', 19.06),
(284, 2, '2024-05-23 23:11:59', 594),
(285, 3, '2024-05-23 23:11:59', 4095),
(286, 4, '2024-05-23 23:11:59', 9.87),
(287, 1, '2024-05-23 23:26:59', 19.06),
(288, 2, '2024-05-23 23:26:59', 562),
(289, 3, '2024-05-23 23:26:59', 4095),
(290, 4, '2024-05-23 23:26:59', 9.86),
(291, 1, '2024-05-23 23:41:59', 19.12),
(292, 2, '2024-05-23 23:41:59', 413),
(293, 3, '2024-05-23 23:41:59', 4095),
(294, 4, '2024-05-23 23:41:59', 9.88),
(295, 1, '2024-05-23 23:56:59', 19.19),
(296, 2, '2024-05-23 23:56:59', 582),
(297, 3, '2024-05-23 23:56:59', 4095),
(298, 4, '2024-05-23 23:56:59', 9.86),
(299, 1, '2024-05-24 00:11:59', 19.19),
(300, 2, '2024-05-24 00:11:59', 638),
(301, 3, '2024-05-24 00:11:59', 4095),
(302, 4, '2024-05-24 00:11:59', 9.79),
(303, 1, '2024-05-24 00:26:59', 19.25),
(304, 2, '2024-05-24 00:26:59', 651),
(305, 3, '2024-05-24 00:26:59', 4095),
(306, 4, '2024-05-24 00:26:59', 9.78),
(307, 1, '2024-05-24 00:41:59', 19.25),
(308, 2, '2024-05-24 00:41:59', 887),
(309, 3, '2024-05-24 00:41:59', 4095),
(310, 4, '2024-05-24 00:41:59', 9.88),
(311, 1, '2024-05-24 01:23:03', 19.38),
(312, 2, '2024-05-24 01:23:03', 12737),
(313, 3, '2024-05-24 01:23:03', 4095),
(314, 4, '2024-05-24 01:23:03', -2.18),
(315, 1, '2024-05-24 01:24:07', 19.38),
(316, 2, '2024-05-24 01:24:07', 12737),
(317, 3, '2024-05-24 01:24:07', 4095),
(318, 4, '2024-05-24 01:24:07', -2.18),
(319, 1, '2024-05-24 02:00:10', 19.44),
(320, 2, '2024-05-24 02:00:10', 12737),
(321, 3, '2024-05-24 02:00:10', 4095),
(322, 4, '2024-05-24 02:00:10', -2.18),
(323, 1, '2024-05-24 02:15:10', 19.44),
(324, 2, '2024-05-24 02:15:10', 651),
(325, 3, '2024-05-24 02:15:10', 4095),
(326, 4, '2024-05-24 02:15:10', 9.84),
(327, 1, '2024-05-24 02:30:10', 19.5),
(328, 2, '2024-05-24 02:30:10', 195),
(329, 3, '2024-05-24 02:30:10', 4095),
(330, 4, '2024-05-24 02:30:10', 9.81),
(331, 1, '2024-05-24 02:45:10', 19.56),
(332, 2, '2024-05-24 02:45:10', 652),
(333, 3, '2024-05-24 02:45:11', 4095),
(334, 4, '2024-05-24 02:45:11', 9.88),
(335, 1, '2024-05-24 03:00:10', 19.56),
(336, 2, '2024-05-24 03:00:10', 242),
(337, 3, '2024-05-24 03:00:10', 4095),
(338, 4, '2024-05-24 03:00:10', 9.83),
(339, 1, '2024-05-24 03:30:11', 19.62),
(340, 2, '2024-05-24 03:30:11', 783),
(341, 3, '2024-05-24 03:30:11', 4095),
(342, 4, '2024-05-24 03:30:11', 9.82),
(343, 1, '2024-05-24 03:45:11', 19.62),
(344, 2, '2024-05-24 03:45:11', 599),
(345, 3, '2024-05-24 03:45:11', 4095),
(346, 4, '2024-05-24 03:45:11', 9.94),
(347, 1, '2024-05-24 04:00:11', 19.69),
(348, 2, '2024-05-24 04:00:11', 929),
(349, 3, '2024-05-24 04:00:11', 4095),
(350, 4, '2024-05-24 04:00:11', 9.88),
(355, 1, '2024-06-03 10:08:50', 18),
(356, 2, '2024-06-03 10:08:53', 655),
(357, 3, '2024-06-03 10:08:54', 9),
(358, 4, '2024-06-03 10:08:57', 4158),
(359, 1, '2024-06-03 10:09:19', 18),
(360, 2, '2024-06-03 10:09:19', 655),
(361, 3, '2024-06-03 10:09:19', 9),
(362, 4, '2024-06-03 10:09:19', 4000),
(363, 1, '2024-06-03 10:09:21', 18),
(364, 2, '2024-06-03 10:09:21', 655),
(365, 3, '2024-06-03 10:09:21', 9),
(366, 4, '2024-06-03 10:09:21', 4158),
(367, 1, '2024-06-03 10:11:25', 18),
(368, 2, '2024-06-03 10:11:25', 655),
(369, 3, '2024-06-03 10:11:25', 4005),
(370, 4, '2024-06-03 10:11:25', 7.9),
(371, 1, '2024-06-03 10:13:03', 25),
(372, 2, '2024-06-03 10:13:03', 702),
(373, 3, '2024-06-03 10:13:04', 40),
(374, 4, '2024-06-03 10:13:04', 9),
(375, 1, '2024-06-03 10:30:21', 85),
(376, 2, '2024-06-03 10:30:21', 12737),
(377, 3, '2024-06-03 10:30:21', 4095),
(378, 4, '2024-06-03 10:30:21', -2.18),
(379, 1, '2024-06-03 10:45:21', 18.25),
(380, 2, '2024-06-03 10:45:21', 473),
(381, 3, '2024-06-03 10:45:21', 4095),
(382, 4, '2024-06-03 10:45:21', 10.07),
(383, 1, '2024-06-03 11:00:21', 18.31),
(384, 2, '2024-06-03 11:00:21', 616),
(385, 3, '2024-06-03 11:00:21', 4095),
(386, 4, '2024-06-03 11:00:21', 10.01),
(387, 1, '2024-06-03 11:15:21', 18.31),
(388, 2, '2024-06-03 11:15:21', 596),
(389, 3, '2024-06-03 11:15:21', 4095),
(390, 4, '2024-06-03 11:15:21', 10.1),
(391, 1, '2024-06-03 11:30:21', 18.38),
(392, 2, '2024-06-03 11:30:21', 551),
(393, 3, '2024-06-03 11:30:21', 4095),
(394, 4, '2024-06-03 11:30:21', 10.1),
(395, 1, '2024-06-03 11:45:21', 18.38),
(396, 2, '2024-06-03 11:45:21', 518),
(397, 3, '2024-06-03 11:45:21', 4095),
(398, 4, '2024-06-03 11:45:21', 10.04),
(399, 1, '2024-06-03 11:46:52', 18.38),
(400, 2, '2024-06-03 11:46:52', 12737),
(401, 3, '2024-06-03 11:46:52', 4095),
(402, 4, '2024-06-03 11:46:52', -2.18),
(403, 1, '2024-06-03 11:51:59', 18.38),
(404, 2, '2024-06-03 11:51:59', 12737),
(405, 3, '2024-06-03 11:51:59', 4095),
(406, 4, '2024-06-03 11:51:59', -2.18),
(407, 1, '2024-06-03 11:55:50', 18.44),
(408, 2, '2024-06-03 11:55:50', 12737),
(409, 3, '2024-06-03 11:55:50', 4095),
(410, 4, '2024-06-03 11:55:50', -2.18),
(411, 1, '2024-06-03 12:10:30', 18.44),
(412, 2, '2024-06-03 12:10:30', 4678),
(413, 3, '2024-06-03 12:10:30', 4095),
(414, 4, '2024-06-03 12:10:30', 6.62),
(415, 1, '2024-06-03 12:21:10', 18.44),
(416, 2, '2024-06-03 12:21:10', 1068),
(417, 3, '2024-06-03 12:21:10', 4095),
(418, 4, '2024-06-03 12:21:10', 9.84),
(419, 1, '2024-06-03 12:36:10', 18.56),
(420, 2, '2024-06-03 12:36:10', 205),
(421, 3, '2024-06-03 12:36:10', 4095),
(422, 4, '2024-06-03 12:36:10', 10.2),
(423, 1, '2024-06-03 12:51:10', 18.56),
(424, 2, '2024-06-03 12:51:10', 488),
(425, 3, '2024-06-03 12:51:10', 4095),
(426, 4, '2024-06-03 12:51:10', 10.06),
(427, 1, '2024-06-03 13:06:10', 18.62),
(428, 2, '2024-06-03 13:06:10', 506),
(429, 3, '2024-06-03 13:06:10', 4095),
(430, 4, '2024-06-03 13:06:10', 10.06),
(431, 1, '2024-06-03 13:21:10', 18.62),
(432, 2, '2024-06-03 13:21:10', 957),
(433, 3, '2024-06-03 13:21:10', 4095),
(434, 4, '2024-06-03 13:21:10', 9.84),
(435, 1, '2024-06-03 13:36:10', 18.75),
(436, 2, '2024-06-03 13:36:10', 996),
(437, 3, '2024-06-03 13:36:10', 4095),
(438, 4, '2024-06-03 13:36:10', 9.86),
(439, 1, '2024-06-03 13:51:10', 18.75),
(440, 2, '2024-06-03 13:51:10', 720),
(441, 3, '2024-06-03 13:51:10', 4095),
(442, 4, '2024-06-03 13:51:10', 9.96),
(443, 1, '2024-06-03 14:06:10', 18.81),
(444, 2, '2024-06-03 14:06:10', 720),
(445, 3, '2024-06-03 14:06:10', 4095),
(446, 4, '2024-06-03 14:06:10', 9.9),
(447, 1, '2024-06-03 14:21:10', 18.88),
(448, 2, '2024-06-03 14:21:10', 990),
(449, 3, '2024-06-03 14:21:10', 4095),
(450, 4, '2024-06-03 14:21:10', 9.81),
(451, 1, '2024-06-03 14:36:10', 18.94),
(452, 2, '2024-06-03 14:36:10', 483),
(453, 3, '2024-06-03 14:36:10', 4095),
(454, 4, '2024-06-03 14:36:10', 10.01),
(455, 1, '2024-06-03 14:51:10', 19),
(456, 2, '2024-06-03 14:51:10', 1055),
(457, 3, '2024-06-03 14:51:10', 4095),
(458, 4, '2024-06-03 14:51:10', 9.76),
(459, 1, '2024-06-03 15:06:10', 19),
(460, 2, '2024-06-03 15:06:10', 652),
(461, 3, '2024-06-03 15:06:10', 4095),
(462, 4, '2024-06-03 15:06:10', 9.85),
(463, 1, '2024-06-03 15:21:10', 19.12),
(464, 2, '2024-06-03 15:21:10', 758),
(465, 3, '2024-06-03 15:21:10', 4095),
(466, 4, '2024-06-03 15:21:10', 9.75);

-- --------------------------------------------------------

--
-- Structure de la table `Messages_alertes`
--

CREATE TABLE `Messages_alertes` (
  `ID` int(11) NOT NULL,
  `Message` text DEFAULT NULL
) ENGINE=InnoDB DEFAULT CHARSET=utf8mb4 COLLATE=utf8mb4_general_ci;

--
-- Déchargement des données de la table `Messages_alertes`
--

INSERT INTO `Messages_alertes` (`ID`, `Message`) VALUES
(1, 'La température est trop basse !');

-- --------------------------------------------------------

--
-- Structure de la table `Pomp`
--

CREATE TABLE `Pomp` (
  `ID` int(11) NOT NULL,
  `Activated` tinyint(1) DEFAULT 1,
  `IsAuto` tinyint(1) DEFAULT 1
) ENGINE=InnoDB DEFAULT CHARSET=utf8mb4 COLLATE=utf8mb4_general_ci;

--
-- Déchargement des données de la table `Pomp`
--

INSERT INTO `Pomp` (`ID`, `Activated`, `IsAuto`) VALUES
(1, 1, 1);

-- --------------------------------------------------------

--
-- Structure de la table `Pompes_Limites`
--

CREATE TABLE `Pompes_Limites` (
  `ID` int(11) NOT NULL,
  `Limite_ID` int(11) NOT NULL,
  `Pompe_ID` int(11) NOT NULL
) ENGINE=InnoDB DEFAULT CHARSET=utf8mb4 COLLATE=utf8mb4_general_ci;

--
-- Déchargement des données de la table `Pompes_Limites`
--

INSERT INTO `Pompes_Limites` (`ID`, `Limite_ID`, `Pompe_ID`) VALUES
(3, 2, 1);

-- --------------------------------------------------------

--
-- Structure de la table `User`
--

CREATE TABLE `User` (
  `ID` int(11) NOT NULL,
  `username` varchar(255) NOT NULL,
  `Password` varchar(255) NOT NULL
) ENGINE=InnoDB DEFAULT CHARSET=utf8mb4 COLLATE=utf8mb4_general_ci;

--
-- Déchargement des données de la table `User`
--

INSERT INTO `User` (`ID`, `username`, `Password`) VALUES
(1, 'admin', '$argon2i$v=19$m=65536,t=4,p=1$NkhhV1Q5U2ZCaTJ0eEJLeA$ZCdqBPofGPMUbKBqCJ442CtcT4vMftf50YDU3FGFaq0'),
(2, 'root', '$argon2i$v=19$m=65536,t=4,p=1$MkRiWXA4NFZPOHE5SU9VTw$81H3+jjm+nl1dtKAhjX2l0H6O2NQkDrC8DmZ3NMtHSA');

--
-- Index pour les tables déchargées
--

--
-- Index pour la table `Alerts`
--
ALTER TABLE `Alerts`
  ADD PRIMARY KEY (`ID`),
  ADD KEY `Message_ID` (`Message_ID`,`Limite_ID`),
  ADD KEY `Limite_ID` (`Limite_ID`);

--
-- Index pour la table `Change_history`
--
ALTER TABLE `Change_history`
  ADD KEY `User_ID` (`User_ID`),
  ADD KEY `Limite_ID` (`Limite_ID`);

--
-- Index pour la table `Data`
--
ALTER TABLE `Data`
  ADD PRIMARY KEY (`ID`);

--
-- Index pour la table `limite`
--
ALTER TABLE `limite`
  ADD PRIMARY KEY (`ID`),
  ADD KEY `Data_ID` (`Data_ID`);

--
-- Index pour la table `Measure_history`
--
ALTER TABLE `Measure_history`
  ADD PRIMARY KEY (`ID`),
  ADD KEY `Data_id` (`Data_id`);

--
-- Index pour la table `Messages_alertes`
--
ALTER TABLE `Messages_alertes`
  ADD PRIMARY KEY (`ID`);

--
-- Index pour la table `Pomp`
--
ALTER TABLE `Pomp`
  ADD PRIMARY KEY (`ID`);

--
-- Index pour la table `Pompes_Limites`
--
ALTER TABLE `Pompes_Limites`
  ADD PRIMARY KEY (`ID`),
  ADD KEY `Limite_ID` (`Limite_ID`,`Pompe_ID`),
  ADD KEY `Pompe_ID` (`Pompe_ID`);

--
-- Index pour la table `User`
--
ALTER TABLE `User`
  ADD PRIMARY KEY (`ID`);

--
-- AUTO_INCREMENT pour les tables déchargées
--

--
-- AUTO_INCREMENT pour la table `Alerts`
--
ALTER TABLE `Alerts`
  MODIFY `ID` int(11) NOT NULL AUTO_INCREMENT, AUTO_INCREMENT=13;

--
-- AUTO_INCREMENT pour la table `Data`
--
ALTER TABLE `Data`
  MODIFY `ID` int(11) NOT NULL AUTO_INCREMENT, AUTO_INCREMENT=5;

--
-- AUTO_INCREMENT pour la table `limite`
--
ALTER TABLE `limite`
  MODIFY `ID` int(11) NOT NULL AUTO_INCREMENT, AUTO_INCREMENT=5;

--
-- AUTO_INCREMENT pour la table `Measure_history`
--
ALTER TABLE `Measure_history`
  MODIFY `ID` int(11) NOT NULL AUTO_INCREMENT, AUTO_INCREMENT=467;

--
-- AUTO_INCREMENT pour la table `Messages_alertes`
--
ALTER TABLE `Messages_alertes`
  MODIFY `ID` int(11) NOT NULL AUTO_INCREMENT, AUTO_INCREMENT=2;

--
-- AUTO_INCREMENT pour la table `Pomp`
--
ALTER TABLE `Pomp`
  MODIFY `ID` int(11) NOT NULL AUTO_INCREMENT, AUTO_INCREMENT=3;

--
-- AUTO_INCREMENT pour la table `Pompes_Limites`
--
ALTER TABLE `Pompes_Limites`
  MODIFY `ID` int(11) NOT NULL AUTO_INCREMENT, AUTO_INCREMENT=4;

--
-- AUTO_INCREMENT pour la table `User`
--
ALTER TABLE `User`
  MODIFY `ID` int(11) NOT NULL AUTO_INCREMENT, AUTO_INCREMENT=3;

--
-- Contraintes pour les tables déchargées
--

--
-- Contraintes pour la table `Alerts`
--
ALTER TABLE `Alerts`
  ADD CONSTRAINT `Alerts_ibfk_1` FOREIGN KEY (`Limite_ID`) REFERENCES `limite` (`ID`) ON DELETE CASCADE ON UPDATE CASCADE,
  ADD CONSTRAINT `Alerts_ibfk_2` FOREIGN KEY (`Message_ID`) REFERENCES `Messages_alertes` (`ID`) ON DELETE CASCADE ON UPDATE CASCADE;

--
-- Contraintes pour la table `Change_history`
--
ALTER TABLE `Change_history`
  ADD CONSTRAINT `Change_history_ibfk_1` FOREIGN KEY (`User_ID`) REFERENCES `User` (`ID`),
  ADD CONSTRAINT `Change_history_ibfk_2` FOREIGN KEY (`Limite_ID`) REFERENCES `limite` (`ID`) ON DELETE CASCADE ON UPDATE CASCADE;

--
-- Contraintes pour la table `limite`
--
ALTER TABLE `limite`
  ADD CONSTRAINT `limite_ibfk_1` FOREIGN KEY (`Data_ID`) REFERENCES `Data` (`ID`) ON DELETE CASCADE ON UPDATE CASCADE;

--
-- Contraintes pour la table `Measure_history`
--
ALTER TABLE `Measure_history`
  ADD CONSTRAINT `Measure_history_ibfk_1` FOREIGN KEY (`Data_id`) REFERENCES `Data` (`ID`);

--
-- Contraintes pour la table `Pompes_Limites`
--
ALTER TABLE `Pompes_Limites`
  ADD CONSTRAINT `Pompes_Limites_ibfk_2` FOREIGN KEY (`Pompe_ID`) REFERENCES `Pomp` (`ID`) ON DELETE CASCADE ON UPDATE CASCADE,
  ADD CONSTRAINT `Pompes_Limites_ibfk_3` FOREIGN KEY (`Limite_ID`) REFERENCES `limite` (`ID`) ON DELETE CASCADE ON UPDATE CASCADE;
COMMIT;

/*!40101 SET CHARACTER_SET_CLIENT=@OLD_CHARACTER_SET_CLIENT */;
/*!40101 SET CHARACTER_SET_RESULTS=@OLD_CHARACTER_SET_RESULTS */;
/*!40101 SET COLLATION_CONNECTION=@OLD_COLLATION_CONNECTION */;
